id,title,body,author,slug,caption,description,background
1833,1 Year Fixed Home Loan,1-year-fixed-home-loans.html,Darin Hindmarsh,1-year-fixed-home-loans,1-year-fixed-home-loans.html,1-year-fixed-home-loans.html,personalhomeloans-intellichoice.jpg
2298,10 Year Fixed Rate Home Loan,10-year-fixed-rate-home-loan.html,Darin Hindmarsh,10-year-fixed-rate-home-loan,10-year-fixed-rate-home-loan.html,10-year-fixed-rate-home-loan.html,personalhomeloans-intellichoice.jpg
1856,15 Year Fixed Rate Home Loan,15-year-fixed-rate-home-loan.html,Darin Hindmarsh,15-year-fixed-rate-home-loan,15-year-fixed-rate-home-loan.html,15-year-fixed-rate-home-loan.html,personalhomeloans-intellichoice.jpg
1841,3 Year Fixed Rate Home Loan,3-year-fixed-rate-home-loan.html,Darin Hindmarsh,3-year-fixed-rate-home-loan,3-year-fixed-rate-home-loan.html,3-year-fixed-rate-home-loan.html,personalhomeloans-intellichoice.jpg
1850,5 Year Fixed Rate Home Loan,5-year-fixed-rate-home-loan.html,Darin Hindmarsh,5-year-fixed-rate-home-loan,5-year-fixed-rate-home-loan.html,5-year-fixed-rate-home-loan.html,personalhomeloans-intellichoice.jpg
1870,90% Home Loan,90-home-loan.html,Darin Hindmarsh,90-home-loan,90-home-loan.html,90-home-loan.html,personalhomeloans-intellichoice.jpg
1863,95% Home Loan,95-home-loan.html,Darin Hindmarsh,95-home-loan,95-home-loan.html,95-home-loan.html,personalhomeloans-intellichoice.jpg
1247,About Us,about.html,Darin Hindmarsh,about,about.html,about.html,aboutus-intellichoice2.jpg
2338,Articles Bad Credit Car Loans,articles-bad-credit-car-loans.html,Darin Hindmarsh,articles-bad-credit-car-loans,articles-bad-credit-car-loans.html,articles-bad-credit-car-loans.html,carloan-intellichoice.jpg
1759,Asset Finance,asset-finance.html,Darin Hindmarsh,asset-finance,asset-finance.html,asset-finance.html,assetfinance-intellichoice.jpg
2545,Asset Finance Articles and Videos,asset-finance-articles-videos.html,Darin Hindmarsh,asset-finance-articles-videos,asset-finance-articles-videos.html,asset-finance-articles-videos.html,assetfinance-intellichoice.jpg
3248,Asset Finance Videos,asset-finance-videos.html,Darin Hindmarsh,asset-finance-videos,asset-finance-videos.html,asset-finance-videos.html,assetfinance-intellichoice.jpg
2330,Bad Credit Car Finance Process,bad-credit-car-finance-process.html,Darin Hindmarsh,bad-credit-car-finance-process,bad-credit-car-finance-process.html,bad-credit-car-finance-process.html,carloan-intellichoice.jpg
5276,Bad Credit Car Loan Videos,bad-credit-car-loan-videos.html,Darin Hindmarsh,bad-credit-car-loan-videos,bad-credit-car-loan-videos.html,bad-credit-car-loan-videos.html,carloan-intellichoice.jpg
1730,Bad Credit Car Loans,bad-credit-car-loans.html,Darin Hindmarsh,bad-credit-car-loans,bad-credit-car-loans.html,bad-credit-car-loans.html,carloan-intellichoice.jpg
8586,Bad Credit Car Loans,bad-credit-car-loans-2.html,Darin Hindmarsh,bad-credit-car-loans-2,bad-credit-car-loans-2.html,bad-credit-car-loans-2.html,carloan-intellichoice.jpg
1773,Bad Credit Equipment Finance,bad-credit-equipment-finance.html,Darin Hindmarsh,bad-credit-equipment-finance,bad-credit-equipment-finance.html,bad-credit-equipment-finance.html,badcreditequipmentfinance-intellichoice.jpg
2296,Bad Credit Home Loan Articles,bad-credit-home-loan-articles.html,Darin Hindmarsh,bad-credit-home-loan-articles,bad-credit-home-loan-articles.html,bad-credit-home-loan-articles.html,badcredithomeloan-intellichoice.jpg
1622,Bad Credit Home Loans,bad-credit-home-loans.html,Darin Hindmarsh,bad-credit-home-loans,bad-credit-home-loans.html,bad-credit-home-loans.html,badcredithomeloan-intellichoice.jpg
8581,Bad Credit Home Loans,bad-credit-home-loans-2.html,Darin Hindmarsh,bad-credit-home-loans-2,bad-credit-home-loans-2.html,bad-credit-home-loans-2.html,badcredithomeloan-intellichoice.jpg
8588,Bad Credit Home Loans,bad-credit-home-loans-3.html,Darin Hindmarsh,bad-credit-home-loans-3,bad-credit-home-loans-3.html,bad-credit-home-loans-3.html,badcredithomeloan-intellichoice.jpg
8579,Bad Credit Home Loans Australia,bad-credit-home-loans-australia.html,Darin Hindmarsh,bad-credit-home-loans-australia,bad-credit-home-loans-australia.html,bad-credit-home-loans-australia.html,badcredithomeloan-intellichoice.jpg
8590,Bad Credit Home Loans Australia,bad-credit-home-loans-australia-2.html,Darin Hindmarsh,bad-credit-home-loans-australia-2,bad-credit-home-loans-australia-2.html,bad-credit-home-loans-australia-2.html,badcredithomeloan-intellichoice.jpg
3189,Bad Credit Home Loans Videos,bad-credit-home-loans-videos.html,Darin Hindmarsh,bad-credit-home-loans-videos,bad-credit-home-loans-videos.html,bad-credit-home-loans-videos.html,badcredithomeloan-intellichoice.jpg
8584,Bad Credit Loans Australia Guaranteed Approval,bad-credit-loans-australia-guaranteed-approval.html,Darin Hindmarsh,bad-credit-loans-australia-guaranteed-approval,bad-credit-loans-australia-guaranteed-approval.html,bad-credit-loans-australia-guaranteed-approval.html,badcredithomeloan-intellichoice.jpg
8592,Bad Credit Loans Australia Guaranteed Approval,bad-credit-loans-australia-guaranteed-approval-2.html,Darin Hindmarsh,bad-credit-loans-australia-guaranteed-approval-2,bad-credit-loans-australia-guaranteed-approval-2.html,bad-credit-loans-australia-guaranteed-approval-2.html,badcredithomeloan-intellichoice.jpg
1796,Basic Variable Home Loan,basic-variable-home-loan.html,Darin Hindmarsh,basic-variable-home-loan,basic-variable-home-loan.html,basic-variable-home-loan.html,personalhomeloans-intellichoice.jpg
2249,Borrowing Power Calculator,borrowing-power.html,Darin Hindmarsh,borrowing-power,borrowing-power.html,borrowing-power.html,owner-builder-home-loan-intellichoice2.jpg
4688,Broker Specialist Articles,broker-specialist-articles.html,Darin Hindmarsh,broker-specialist-articles,broker-specialist-articles.html,broker-specialist-articles.html,invoicefinance-intellichoice.jpg
2252,Budget Planner Calculator,budget-planner.html,Darin Hindmarsh,budget-planner,budget-planner.html,budget-planner.html,owner-builder-home-loan-intellichoice2.jpg
4301,Business Finance Articles by Intellichoice Finance,business-finance-articles.html,Darin Hindmarsh,business-finance-articles,business-finance-articles.html,business-finance-articles.html,owner-builder-home-loan-intellichoice2.jpg
2361,Business Finance Australia,business-finance.html,Darin Hindmarsh,business-finance,business-finance.html,business-finance.html,owner-builder-home-loan-intellichoice2.jpg
4298,Business Finance Videos by Intellichoice Finance,business-finance-videos.html,Darin Hindmarsh,business-finance-videos,business-finance-videos.html,business-finance-videos.html,owner-builder-home-loan-intellichoice2.jpg
8594,Business Loans,business-loans.html,Darin Hindmarsh,business-loans,business-loans.html,business-loans.html,owner-builder-home-loan-intellichoice2.jpg
8597,Car Loan,car-loan.html,Darin Hindmarsh,car-loan,car-loan.html,car-loan.html,carloan-intellichoice.jpg
3183,Car Loan Videos,car-loan-videos.html,Darin Hindmarsh,car-loan-videos,car-loan-videos.html,car-loan-videos.html,carloan-intellichoice.jpg
1503,Car Loans,car-loans.html,Darin Hindmarsh,car-loans,car-loans.html,car-loans.html,carloan-intellichoice.jpg
1781,Commercial Funding,commercial-funding.html,Darin Hindmarsh,commercial-funding,commercial-funding.html,commercial-funding.html,commercialfunding-intellichoice.jpg
2375,Commercial Loans,commercial-loans.html,Darin Hindmarsh,commercial-loans,commercial-loans.html,commercial-loans.html,commercialfunding-intellichoice.jpg
3413,Comparison Rate Calculator,comparison-rate-calculator.html,Darin Hindmarsh,comparison-rate-calculator,comparison-rate-calculator.html,comparison-rate-calculator.html,owner-builder-home-loan-intellichoice2.jpg
3450,Compound Interest Calculator,compound-interest-calculator.html,Darin Hindmarsh,compound-interest-calculator,compound-interest-calculator.html,compound-interest-calculator.html,owner-builder-home-loan-intellichoice2.jpg
5307,Construction Loans,construction-loans.html,Darin Hindmarsh,construction-loans,construction-loans.html,construction-loans.html,owner-builder-home-loan-intellichoice2.jpg
5401,Construction Loans Articles by Intellichoice Finance,construction-loans-articles.html,Darin Hindmarsh,construction-loans-articles,construction-loans-articles.html,construction-loans-articles.html,owner-builder-home-loan-intellichoice2.jpg
8599,Construction Loans Australia,construction-loans-australia.html,Darin Hindmarsh,construction-loans-australia,construction-loans-australia.html,construction-loans-australia.html,owner-builder-home-loan-intellichoice2.jpg
5310,Construction Loans Videos by Intellichoice Finance,construction-loans-videos.html,Darin Hindmarsh,construction-loans-videos,construction-loans-videos.html,construction-loans-videos.html,owner-builder-home-loan-intellichoice2.jpg
1281,Contact,contact.html,Darin Hindmarsh,contact,contact.html,contact.html,contactus-intellichoice.jpg
2254,Credit Card Calculator,credit-card.html,Darin Hindmarsh,credit-card,credit-card.html,credit-card.html,owner-builder-home-loan-intellichoice2.jpg
1891,Development Finance by Intellichoice Finance,development-finance.html,Darin Hindmarsh,development-finance,development-finance.html,development-finance.html,invoicefinance-intellichoice.jpg
2383,Equipment Finance Articles,equipment-finance-articles.html,Darin Hindmarsh,equipment-finance-articles,equipment-finance-articles.html,equipment-finance-articles.html,badcreditequipmentfinance-intellichoice.jpg
3258,Equipment Finance Videos,equipment-finance-videos.html,Darin Hindmarsh,equipment-finance-videos,equipment-finance-videos.html,equipment-finance-videos.html,badcreditequipmentfinance-intellichoice.jpg
8603,Equipment Loans,equipment-loans.html,Darin Hindmarsh,equipment-loans,equipment-loans.html,equipment-loans.html,badcreditequipmentfinance-intellichoice.jpg
1701,Expat Foreign Owner Loans,expat-foreign-owner-loans.html,Darin Hindmarsh,expat-foreign-owner-loans,expat-foreign-owner-loans.html,expat-foreign-owner-loans.html,expatforeignownerloans-intellichoice.jpg
3201,Expat Foreign Owner Loans Videos,expat-foreign-owner-loans-videos.html,Darin Hindmarsh,expat-foreign-owner-loans-videos,expat-foreign-owner-loans-videos.html,expat-foreign-owner-loans-videos.html,expatforeignownerloans-intellichoice.jpg
2256,Extra Repayments Calculator,extra-repayments.html,Darin Hindmarsh,extra-repayments,extra-repayments.html,extra-repayments.html,owner-builder-home-loan-intellichoice2.jpg
16,Finance For Lifestyle,home.html,Darin Hindmarsh,home,home.html,home.html,intellichoicefinanceforlifestyle.jpg
2561,Fixed Home Loan,fixed-home-loan.html,Darin Hindmarsh,fixed-home-loan,fixed-home-loan.html,fixed-home-loan.html,personalhomeloans-intellichoice.jpg
3309,Fixed Home Loan Articles by Intellichoice Finance,fixed-home-loan-articles.html,Darin Hindmarsh,fixed-home-loan-articles,fixed-home-loan-articles.html,fixed-home-loan-articles.html,personalhomeloans-intellichoice.jpg
3314,Fixed Home Loan Videos by Intellichoice Finance,fixed-home-loan-videos.html,Darin Hindmarsh,fixed-home-loan-videos,fixed-home-loan-videos.html,fixed-home-loan-videos.html,personalhomeloans-intellichoice.jpg
3473,Fortnightly Repayment Calculator,fortnightly-repayment-calculator.html,Darin Hindmarsh,fortnightly-repayment-calculator,fortnightly-repayment-calculator.html,fortnightly-repayment-calculator.html,owner-builder-home-loan-intellichoice2.jpg
1902,Franchise Funding,franchise-funding.html,Darin Hindmarsh,franchise-funding,franchise-funding.html,franchise-funding.html,commercialfunding-intellichoice.jpg
2259,Home Loan Offset Calculator,home-loan-offset.html,Darin Hindmarsh,home-loan-offset,home-loan-offset.html,home-loan-offset.html,owner-builder-home-loan-intellichoice2.jpg
3508,Home Loans,home-loans.html,Darin Hindmarsh,home-loans,home-loans.html,home-loans.html,personalhomeloans-intellichoice.jpg
8612,Home Loans,home-loans-2.html,Darin Hindmarsh,home-loans-2,home-loans-2.html,home-loans-2.html,personalhomeloans-intellichoice.jpg
4679,Home Loans Articles and Resources,home-loans-articles-resources.html,Darin Hindmarsh,home-loans-articles-resources,home-loans-articles-resources.html,home-loans-articles-resources.html,personalhomeloans-intellichoice.jpg
2264,How Long to Repay Calculator,how-long-to-repay.html,Darin Hindmarsh,how-long-to-repay,how-long-to-repay.html,how-long-to-repay.html,owner-builder-home-loan-intellichoice2.jpg
3460,Income Annualisation Calculator,income-annualisation-calculator.html,Darin Hindmarsh,income-annualisation-calculator,income-annualisation-calculator.html,income-annualisation-calculator.html,owner-builder-home-loan-intellichoice2.jpg
3463,Income Gross Up Calculator,income-gross-up-calculator.html,Darin Hindmarsh,income-gross-up-calculator,income-gross-up-calculator.html,income-gross-up-calculator.html,owner-builder-home-loan-intellichoice2.jpg
2267,Income Tax Calculator,income-tax.html,Darin Hindmarsh,income-tax,income-tax.html,income-tax.html,owner-builder-home-loan-intellichoice2.jpg
4691,Industry Experience Articles & Resources,industry-experience-articles-resources.html,Darin Hindmarsh,industry-experience-articles-resources,industry-experience-articles-resources.html,industry-experience-articles-resources.html,invoicefinance-intellichoice.jpg
1605,Insurance,insurance.html,Darin Hindmarsh,insurance,insurance.html,insurance.html,insurance-intellichoice-1.jpg
3330,Insurance Articles,insurance-articles.html,Darin Hindmarsh,insurance-articles,insurance-articles.html,insurance-articles.html,insurance-intellichoice-1.jpg
3333,Insurance Videos,insurance-videos.html,Darin Hindmarsh,insurance-videos,insurance-videos.html,insurance-videos.html,insurance-intellichoice-1.jpg
2366,Intellichoice Calculators,intellichoice-calculators.html,Darin Hindmarsh,intellichoice-calculators,intellichoice-calculators.html,intellichoice-calculators.html,intellichoice-loans-calculator.jpg
2305,Intellichoice Expat Foreign Owner Loan Articles,intellichoice-expat-foreign-owner-loan-articles-videos.html,Darin Hindmarsh,intellichoice-expat-foreign-owner-loan-articles-videos,intellichoice-expat-foreign-owner-loan-articles-videos.html,intellichoice-expat-foreign-owner-loan-articles-videos.html,expatforeignownerloans-intellichoice.jpg
3403,Interest Only Mortgage Calculator,interest-only-mortgage-calculator.html,Darin Hindmarsh,interest-only-mortgage-calculator,interest-only-mortgage-calculator.html,interest-only-mortgage-calculator.html,owner-builder-home-loan-intellichoice2.jpg
1822,Introductory Home Loan,introductory-home-loan.html,Darin Hindmarsh,introductory-home-loan,introductory-home-loan.html,introductory-home-loan.html,personalhomeloans-intellichoice.jpg
3436,Introductory Rate Loan Calculator,introductory-rate-loan-calculator.html,Darin Hindmarsh,introductory-rate-loan-calculator,introductory-rate-loan-calculator.html,introductory-rate-loan-calculator.html,owner-builder-home-loan-intellichoice2.jpg
1908,Inventory Finance,inventory-finance.html,Darin Hindmarsh,inventory-finance,inventory-finance.html,inventory-finance.html,badcreditequipmentfinance-intellichoice.jpg
3219,Inventory Finance Articles by Intellichoice Finance,inventory-finance-articles.html,Darin Hindmarsh,inventory-finance-articles,inventory-finance-articles.html,inventory-finance-articles.html,badcreditequipmentfinance-intellichoice.jpg
3223,Inventory Finance Videos,inventory-finance-videos.html,Darin Hindmarsh,inventory-finance-videos,inventory-finance-videos.html,inventory-finance-videos.html,badcreditequipmentfinance-intellichoice.jpg
1610,Investment and Advice,investment-and-advice.html,Darin Hindmarsh,investment-and-advice,investment-and-advice.html,investment-and-advice.html,investmentandadvice-intellichoice2.jpg
3226,Investment and Advice Articles by Intellichoice Finance,investment-and-advice-articles.html,Darin Hindmarsh,investment-and-advice-articles,investment-and-advice-articles.html,investment-and-advice-articles.html,investmentandadvice-intellichoice2.jpg
3232,Investment and Advice Videos by Intellichoice Finance,investment-and-advice-videos.html,Darin Hindmarsh,investment-and-advice-videos,investment-and-advice-videos.html,investment-and-advice-videos.html,investmentandadvice-intellichoice2.jpg
1738,Invoice Finance,invoice-finance.html,Darin Hindmarsh,invoice-finance,invoice-finance.html,invoice-finance.html,invoicefinance-intellichoice.jpg
8614,Invoice Finance,invoice-finance-2.html,Darin Hindmarsh,invoice-finance-2,invoice-finance-2.html,invoice-finance-2.html,invoicefinance-intellichoice.jpg
2323,Invoice Finance Articles by Intellichoice Finance,invoice-finance-articles.html,Darin Hindmarsh,invoice-finance-articles,invoice-finance-articles.html,invoice-finance-articles.html,invoicefinance-intellichoice.jpg
3239,Invoice Finance Videos,invoice-finance-videos.html,Darin Hindmarsh,invoice-finance-videos,invoice-finance-videos.html,invoice-finance-videos.html,invoicefinance-intellichoice.jpg
2269,Leasing Calculator,leasing.html,Darin Hindmarsh,leasing,leasing.html,leasing.html,owner-builder-home-loan-intellichoice2.jpg
4448,Lifestyle Loans,lifestyle-loans.html,Darin Hindmarsh,lifestyle-loans,lifestyle-loans.html,lifestyle-loans.html,intellichoicefinanceforlifestyle.jpg
4674,Loan Calculators Articles,loan-calculators-articles.html,Darin Hindmarsh,loan-calculators-articles,oan-calculators-articles.html,oan-calculators-articles.html,intellichoice-loans-calculator.jpg
2272,Loan Comparison Calculator,loan-comparison.html,Darin Hindmarsh,loan-comparison,loan-comparison.html,loan-comparison.html,owner-builder-home-loan-intellichoice2.jpg
2275,Loan Repayment Calculator,loan-repayment.html,Darin Hindmarsh,loan-repayment,loan-repayment.html,loan-repayment.html,owner-builder-home-loan-intellichoice2.jpg
5291,Low Doc Construction Loans,low-doc-construction-loans.html,Darin Hindmarsh,low-doc-construction-loans,low-doc-construction-loans.html,low-doc-construction-loans.html,owner-builder-home-loan-intellichoice2.jpg
5300,Low Doc Construction Loans Articles | Intellichoice Finance,low-doc-construction-loans-articles.html,Darin Hindmarsh,low-doc-construction-loans-articles,low-doc-construction-loans-articles.html,low-doc-construction-loans-articles.html,owner-builder-home-loan-intellichoice2.jpg
5294,Low Doc Construction Loans Videos | Intellichoice Finance,low-doc-construction-loans-videos.html,Darin Hindmarsh,low-doc-construction-loans-videos,low-doc-construction-loans-videos.html,low-doc-construction-loans-videos.html,owner-builder-home-loan-intellichoice2.jpg
2277,Lump Sum Repayment Calculator,lump-sum.html,Darin Hindmarsh,lump-sum,lump-sum.html,lump-sum.html,owner-builder-home-loan-intellichoice2.jpg
3475,Mortgage Switching Calculator,mortgage-switching-calculator.html,Darin Hindmarsh,mortgage-switching-calculator,mortgage-switching-calculator.html,mortgage-switching-calculator.html,owner-builder-home-loan-intellichoice2.jpg
1717,Other Home Loans,other-home-loans.html,Darin Hindmarsh,other-home-loans,other-home-loans.html,other-home-loans.html,otherhomeloans-intellichoice.jpg
2308,Owner Builder Home Loan Articles,owner-builder-home-loan-articles.html,Darin Hindmarsh,owner-builder-home-loan-articles,owner-builder-home-loan-articles.html,owner-builder-home-loan-articles.html,owner-builder-home-loan-intellichoice2.jpg
3109,Owner Builder Home Loan Videos,owner-builder-home-loan-videos.html,Darin Hindmarsh,owner-builder-home-loan-videos,owner-builder-home-loan-videos.html,owner-builder-home-loan-videos.html,owner-builder-home-loan-intellichoice2.jpg
1643,Owner Builder Home Loans,owner-builder-home-loans.html,Darin Hindmarsh,owner-builder-home-loans,owner-builder-home-loans.html,owner-builder-home-loans.html,owner-builder-home-loan-intellichoice2.jpg
2515,Owner Builder Lawyer on Tap,owner-builder-lawyer-tap.html,Darin Hindmarsh,owner-builder-lawyer-tap,owner-builder-lawyer-tap.html,owner-builder-lawyer-tap.html,owner-builder-home-loan-intellichoice2.jpg
8616,Owner Builder Loans,owner-builder-loans.html,Darin Hindmarsh,owner-builder-loans,owner-builder-loans.html,owner-builder-loans.html,owner-builder-home-loan-intellichoice2.jpg
8620,Owner Builder Loans Australia,owner-builder-loans-australia.html,Darin Hindmarsh,owner-builder-loans-australia,owner-builder-loans-australia.html,owner-builder-loans-australia.html,owner-builder-home-loan-intellichoice2.jpg
2503,Owner Builder Online Course,owner-builder-online-course.html,Darin Hindmarsh,owner-builder-online-course,owner-builder-online-course.html,owner-builder-online-course.html,owner-builder-home-loan-intellichoice2.jpg
7353,Personal,personal.html,Darin Hindmarsh,personal,personal.html,personal.html,intellichoicefinanceforlifestyle.jpg
1499,Personal Loans,personal-loans.html,Darin Hindmarsh,personal-loans,personal-loans.html,personal-loans.html,intellichoicefinanceforlifestyle.jpg
4787,Personal Loans Articles,personal-loans-articles.html,Darin Hindmarsh,personal-loans-articles,personal-loans-articles.html,personal-loans-articles.html,intellichoicefinanceforlifestyle.jpg
2280,Property Buying Cost Calculator,property-buying-cost.html,Darin Hindmarsh,property-buying-cost,property-buying-cost.html,property-buying-cost.html,owner-builder-home-loan-intellichoice2.jpg
2282,Property Selling Cost Calculator,property-selling-cost.html,Darin Hindmarsh,property-selling-cost,property-selling-cost.html,property-selling-cost.html,owner-builder-home-loan-intellichoice2.jpg
3479,Rent vs Buy Calculator,rent-vs-buy-calculator.html,Darin Hindmarsh,rent-vs-buy-calculator,rent-vs-buy-calculator.html,rent-vs-buy-calculator.html,owner-builder-home-loan-intellichoice2.jpg
2284,Reverse Mortgage Calculator,reverse-mortgage.html,Darin Hindmarsh,reverse-mortgage,reverse-mortgage.html,reverse-mortgage.html,owner-builder-home-loan-intellichoice2.jpg
2287,Savings Calculator,savings.html,Darin Hindmarsh,savings,savings.html,savings.html,owner-builder-home-loan-intellichoice2.jpg
3467,Savings Goal Calculator How Long to Save,savings-goal-calculator-how-long-to-save.html,Darin Hindmarsh,savings-goal-calculator-how-long-to-save,savings-goal-calculator-how-long-to-save.html,savings-goal-calculator-how-long-to-save.html,owner-builder-home-loan-intellichoice2.jpg
3470,Savings Goal Calculator How Much to Deposit,savings-goal-calculator-how-much-to-deposit.html,Darin Hindmarsh,savings-goal-calculator-how-much-to-deposit,savings-goal-calculator-how-much-to-deposit.html,savings-goal-calculator-how-much-to-deposit.html,owner-builder-home-loan-intellichoice2.jpg
1689,Self Managed Super Fund Loans,self-managed-super-fund-loans.html,Darin Hindmarsh,self-managed-super-fund-loans,self-managed-super-fund-loans.html,self-managed-super-fund-loans.html,selfmanagedsuperfundloans-intellichoice.jpg
3195,Self Managed Super Fund Loans Videos,self-managed-super-fund-loans-videos.html,Darin Hindmarsh,self-managed-super-fund-loans-videos,self-managed-super-fund-loans-videos.html,self-managed-super-fund-loans-videos.html,selfmanagedsuperfundloans-intellichoice.jpg
2325,Self Managed Super Funds Articles,self-managed-super-funds-articles.html,Darin Hindmarsh,self-managed-super-funds-articles,self-managed-super-funds-articles.html,self-managed-super-funds-articles.html,selfmanagedsuperfundloans-intellichoice.jpg
1884,Short Term Finance,short-term-finance.html,Darin Hindmarsh,short-term-finance,short-term-finance.html,short-term-finance.html,invoicefinance-intellichoice.jpg
8574,Sitemap,sitemap.html,Darin Hindmarsh,sitemap,sitemap.html,sitemap.html,intellichoicefinanceforlifestyle.jpg
2289,Split Loan Calculator,split-loan.html,Darin Hindmarsh,split-loan,split-loan.html,split-loan.html,owner-builder-home-loan-intellichoice2.jpg
2291,Stamp Duty Calculator,stamp-duty.html,Darin Hindmarsh,stamp-duty,stamp-duty.html,stamp-duty.html,owner-builder-home-loan-intellichoice2.jpg
1805,Standard Variable Home Loan,standard-variable-home-loan.html,Darin Hindmarsh,standard-variable-home-loan,standard-variable-home-loan.html,standard-variable-home-loan.html,owner-builder-home-loan-intellichoice2.jpg
2528,Testimonials,testimonials.html,Darin Hindmarsh,testimonials,testimonials.html,testimonials.html,owner-builder-home-loan-intellichoice2.jpg
4363,TOS and Privacy Policy,tos-and-privacy-policy.html,Darin Hindmarsh,tos-and-privacy-policy,tos-and-privacy-policy.html,tos-and-privacy-policy.html,owner-builder-home-loan-intellichoice2.jpg
1749,Trade Finance,trade-finance.html,Darin Hindmarsh,trade-finance,trade-finance.html,trade-finance.html,tradefinance-intellichoice.jpg
8624,Trade Finance,trade-finance-2.html,Darin Hindmarsh,trade-finance-2,trade-finance-2.html,trade-finance-2.html,tradefinance-intellichoice.jpg
2319,Trade Finance Articles,trade-finance-articles.html,Darin Hindmarsh,trade-finance-articles,trade-finance-articles.html,trade-finance-articles.html,tradefinance-intellichoice.jpg
3346,Trade Finance Videos,trade-finance-videos.html,Darin Hindmarsh,trade-finance-videos,trade-finance-videos.html,trade-finance-videos.html,tradefinance-intellichoice.jpg
8626,What are Construction Loans?,what-are-construction-loans.html,Darin Hindmarsh,what-are-construction-loans,what-are-construction-loans.html,what-are-construction-loans.html,owner-builder-home-loan-intellichoice2.jpg
8601,What is Construction Loans?,what-is-construction-loans.html,Darin Hindmarsh,what-is-construction-loans,what-is-construction-loans.html,what-is-construction-loans.html,owner-builder-home-loan-intellichoice2.jpg
8622,What is SMSF (Self-Managed Superannuation Fund)?,what-is-smsf-self-managed-superannuation-fund.html,Darin Hindmarsh,what-is-smsf-self-managed-superannuation-fund,what-is-smsf-self-managed-superannuation-fund.html,what-is-smsf-self-managed-superannuation-fund.html,selfmanagedsuperfundloans-intellichoice.jpg
